Pretrained Models,Dataset,Precision,Recall,F1-Score,MCC
NoName,MUSTARD,0.675,0.6835443037974683,0.679245283018868,0.24341530702991723
twitter,MUSTARD,0.8620689655172413,0.31645569620253167,0.46296296296296297,0.3019476379370626
