Pretrained Models,Dataset,Precision,Recall,F1-Score,MCC
twitter,twitter,0.5502074688796681,0.33199799699549326,0.4141161773891318,0.17350571728430958
twitter,reddit,0.6776822091444092,0.7496244366549825,0.7118402282453639,0.505483155397454
