Pretrained Models,Dataset,Precision,Recall,F1-Score,MCC
NoName,MUSTARS,0.675,0.6835443037974683,0.679245283018868,0.24341530702991723
twitter,MUSTARD,0.8620689655172413,0.31645569620253167,0.46296296296296297,0.3019476379370626
twitter,reddit,0.7021803766105055,0.7095643465197796,0.7058530510585305,0.5085548401296223
